{
  "count": 2882,
  "pairs": 14410,
  "mean": 0.6072608119361554,
  "p90": 0.686448,
  "p95": 0.72054645,
  "max": 0.997756,
  "model": "embedding-passage"
}